id,test_id,result,pathologist_id,patient_id,start_time,date_appoint,timestamp,status
1,4,,50,101,09:00:00,2021-02-12,2021-02-11,complete
2,9,,48,101,12:00:00,2021-02-12,2021-02-11,complete
3,7,https://two-views.com/images/CT-heart-valves-2.jpg,49,102,14:00:00,2021-02-15,2021-02-14,complete
4,8,https://4.bp.blogspot.com/-97Aif4KKIJI/Wt9iUZaBk3I/AAAAAAAAN9Y/4-l7-EVTMrQjrgxmaDctn7jkLsFivKoCQCLcBGAs/w1200-h630-p-k-no-nu/STE-obliterates-QRS-1.png,49,102,11:00:00,2021-02-15,2021-02-14,complete
5,6,,49,102,16:00:00,2021-02-16,2021-02-14,complete
6,6,https://www.researchgate.net/profile/Adhi-Lakshmi/publication/287833936/figure/fig2/AS:667644671823883@1536190302892/MRI-Brain-Images-abenign-bmalignant-images.jpg,49,105,10:00:00,2021-02-21,2021-02-20,complete
7,7,https://lh3.googleusercontent.com/proxy/65uH6kHnOVHoGCpGLMTsF-tTp8XaulCKCVrOizb3l7pXIhgiyAbzcWw5s-ZBKxlJfagnJh00uBMaFFzjfGVFt6rhoRqqW_i9LTiTpUnM,49,105,13:00:00,2021-02-21,2021-02-20,complete
8,10,https://orthosportsmed.com/wp-content/uploads/2018/04/humerus-fracture_from-textbook.jpg,47,109,09:00:00,2021-02-27,2021-02-26,complete
9,7,,49,109,15:00:00,2021-02-27,2021-02-26,complete
10,6,,49,112,17:00:00,2021-03-03,2021-02-02,complete
11,7,,49,112,14:00:00,2021-03-04,2021-02-02,complete
12,8,https://litfl.com/wp-content/uploads/2018/08/ECG-Sinus-arrhythmia-12-lead.jpg,49,112,13:00:00,2021-03-04,2021-02-02,complete
13,1,,51,114,18:00:00,2021-03-04,2021-02-03,delayed
14,10,https://www.hss.edu/images/articles/displaced-lateral-malleolus-fracture-right-foot.jpg,47,116,20:00:00,2021-03-06,2021-02-05,complete
15,7,https://www.swslhd.health.nsw.gov.au/medicalImaging/images/feet.jpg,49,116,12:00:00,2021-03-07,2021-02-05,complete
