id,test_id,timestamp,pathologist_id,patient_id,slot_name,day,start_time,end_time,date_appoint,status,result
1,4,2021-02-11,50,101,general,5,09:00:00,10:00:00,2021-02-12,complete,
2,9,2021-02-11,48,101,general,5,12:00:00,13:00:00,2021-02-12,complete,
3,7,2021-02-14,49,102,general,1,14:00:00,15:00:00,2021-02-15,complete,https://two-views.com/images/CT-heart-valves-2.jpg
4,8,2021-02-14,49,102,general,1,11:00:00,12:00:00,2021-02-15,complete,https://4.bp.blogspot.com/-97Aif4KKIJI/Wt9iUZaBk3I/AAAAAAAAN9Y/4-l7-EVTMrQjrgxmaDctn7jkLsFivKoCQCLcBGAs/w1200-h630-p-k-no-nu/STE-obliterates-QRS-1.png
5,6,2021-02-14,49,102,general,2,16:00:00,17:00:00,2021-02-16,complete,
6,6,2021-02-20,49,105,general,0,10:00:00,11:00:00,2021-02-21,complete,https://www.researchgate.net/profile/Adhi-Lakshmi/publication/287833936/figure/fig2/AS:667644671823883@1536190302892/MRI-Brain-Images-abenign-bmalignant-images.jpg
7,7,2021-02-20,49,105,general,0,13:00:00,14:00:00,2021-02-21,complete,https://lh3.googleusercontent.com/proxy/65uH6kHnOVHoGCpGLMTsF-tTp8XaulCKCVrOizb3l7pXIhgiyAbzcWw5s-ZBKxlJfagnJh00uBMaFFzjfGVFt6rhoRqqW_i9LTiTpUnM
8,10,2021-02-26,47,109,general,6,09:00:00,10:00:00,2021-02-27,complete,https://orthosportsmed.com/wp-content/uploads/2018/04/humerus-fracture_from-textbook.jpg
9,7,2021-02-26,49,109,general,6,15:00:00,16:00:00,2021-02-27,complete,
10,6,2021-02-02,49,112,general,3,17:00:00,18:00:00,2021-03-03,complete,
11,7,2021-02-02,49,112,general,4,14:00:00,15:00:00,2021-03-04,complete,
12,8,2021-02-02,49,112,general,4,13:00:00,14:00:00,2021-03-04,complete,https://litfl.com/wp-content/uploads/2018/08/ECG-Sinus-arrhythmia-12-lead.jpg
13,1,2021-02-03,51,114,general,4,18:00:00,19:00:00,2021-03-04,delayed,
14,10,2021-02-05,47,116,general,6,20:00:00,21:00:00,2021-03-06,complete,https://www.hss.edu/images/articles/displaced-lateral-malleolus-fracture-right-foot.jpg
15,7,2021-02-05,49,116,general,6,12:00:00,13:00:00,2021-03-07,complete,https://www.swslhd.health.nsw.gov.au/medicalImaging/images/feet.jpg